Workbook

Sheet Exported Results
A1: Block Type | B1: 384-Well Block
A2: Calibration Background is expired | B2: No
A3: Calibration Background performed on | B3: 10-06-2021
A4: Calibration Normalization FAM-ROX is expired | B4: No
A5: Calibration Normalization FAM-ROX performed on | B5: 10-06-2021
A6: Calibration Normalization VIC-ROX is expired | B6: No
A7: Calibration Normalization VIC-ROX performed on | B7: 10-06-2021
A8: Calibration Pure Dye FAM is expired | B8: No
A9: Calibration Pure Dye FAM performed on | B9: 10-06-2021
A10: Calibration Pure Dye NED is expired | B10: No
A11: Calibration Pure Dye NED performed on | B11: 10-06-2021
A12: Calibration Pure Dye ROX is expired | B12: No
... A25: Date Created | B25: 2021-11-05 13:21:38 PM GMT
A26: Experiment Barcode
A27: Experiment Comment
A28: Experiment File Name | B28: D:\Users\Administrator\Desktop\FELIX\Felix HF v LF 5.eds
A29: Experiment Name | B29: Felix HF v LF 5
A30: Experiment Run End Time | B30: 2021-11-05 14:12:10 PM GMT
A31: Experiment Type | B31: Standard Curve
A32: Instrument Name | B32: HotPants
A33: Instrument Serial Number | B33: 278871706
A34: Instrument Type | B34: QuantStudio(TM) 7 Flex System
A35: Passive Reference | B35: ROX
A36: Quantification Cycle Method | B36: Ct
A37: Signal Smoothing On | B37: true
A38: Stage/ Cycle where Analysis is performed | B38: Stage 2, Step 2
A39: User Name
A41: Well Position | B41: Sample Name | C41: Target Name | D41: CT | H41: Sample Name
A42: A1 | B42: Blank 1.a | C42: NLRP3 | D42: Undetermined | H42: Blank 1.a
A43: A2 | B43: Blank 1.b | C43: NLRP3 | D43: Undetermined | H43: Blank 1.b
A44: A3 | B44: Blank 1.c | C44: NLRP3 | D44: Undetermined | H44: Blank 1.c
A45: A4 | B45: STD 10a | C45: NLRP3 | D45: 36.972271 | H45: STD 10a
A46: A5 | B46: STD 10b | C46: NLRP3 | D46: 38.422947 | H46: STD 10b
A47: A6 | B47: STD 10c | C47: NLRP3 | D47: 39.003254 | H47: STD 10c
A48: A7 | B48: STD 20a | C48: NLRP3 | D48: 38.318333 | H48: STD 20a
A49: A8 | B49: STD 20b | C49: NLRP3 | D49: Undetermined | H49: STD 20b
A50: A9 | B50: STD 20c | C50: NLRP3 | D50: Undetermined | H50: STD 20c
A51: A10 | B51: STD 40a | C51: NLRP3 | D51: Undetermined | H51: STD 40a
A52: A11 | B52: STD 40b | C52: NLRP3 | D52: Undetermined | H52: STD 40b
A53: A12 | B53: STD 40c | C53: NLRP3 | D53: Undetermined | H53: STD 40c
A54: A13 | B54: STD 80a | C54: NLRP3 | D54: Undetermined | H54: STD 80a
A55: A14 | B55: STD 80b | C55: NLRP3 | D55: Undetermined | H55: STD 80b
A56: A15 | B56: STD 80c | C56: NLRP3 | D56: 37.879467 | H56: STD 80c
A57: A16 | B57: STD 160a | C57: NLRP3 | D57: Undetermined | H57: STD 160a
A58: A17 | B58: STD 160b | C58: NLRP3 | D58: Undetermined | H58: STD 160b
A59: A18 | B59: STD 160c | C59: NLRP3 | D59: Undetermined | H59: STD 160c
A60: A19 | B60: STD 320a | C60: NLRP3 | D60: Undetermined | H60: STD 320a
A61: A20 | B61: STD 320b | C61: NLRP3 | D61: Undetermined | H61: STD 320b
A62: A21 | B62: STD 320c | C62: NLRP3 | D62: Undetermined | H62: STD 320c
A63: A22 | B63: 0.1.a | C63: NLRP3 | D63: Undetermined | H63: 0.1.a
A64: A23 | B64: 0.1.b | C64: NLRP3 | D64: 38.438145 | H64: 0.1.b
A65: A24 | B65: 0.1.c | C65: NLRP3 | D65: Undetermined | H65: 0.1.c
A66: B1 | B66: 0.2.a | C66: NLRP3 | D66: 38.4613 | H66: 0.2.a
A67: B2 | B67: 0.2.b | C67: NLRP3 | D67: Undetermined | H67: 0.2.b
A68: B3 | B68: 0.2.c | C68: NLRP3 | D68: Undetermined | H68: 0.2.c
A69: B4 | B69: 0.3.a | C69: NLRP3 | D69: Undetermined | H69: 0.3.a
A70: B5 | B70: 0.3.b | C70: NLRP3 | D70: Undetermined | H70: 0.3.b
A71: B6 | B71: 0.3.c | C71: NLRP3 | D71: Undetermined | H71: 0.3.c
A72: B7 | B72: 2.1.a | C72: NLRP3 | D72: Undetermined | H72: 2.1.a
A73: B8 | B73: 2.1.b | C73: NLRP3 | D73: 38.434074 | H73: 2.1.b
A74: B9 | B74: 2.1.c | C74: NLRP3 | D74: Undetermined | H74: 2.1.c
A75: B10 | B75: 2.2.a | C75: NLRP3 | D75: 38.205517 | H75: 2.2.a
A76: B11 | B76: 2.2.b | C76: NLRP3 | D76: Undetermined | H76: 2.2.b
A77: B12 | B77: 2.2.c | C77: NLRP3 | D77: 38.7472 | H77: 2.2.c
A78: B13 | B78: 2.3.a | C78: NLRP3 | D78: Undetermined | H78: 2.3.a
A79: B14 | B79: 2.3.b | C79: NLRP3 | D79: Undetermined | H79: 2.3.b
A80: B15 | B80: 2.3.c | C80: NLRP3 | D80: Undetermined | H80: 2.3.c
A81: B16 | B81: 8.1.a | C81: NLRP3 | D81: 38.149326 | H81: 8.1.a
A82: B17 | B82: 8.1.b | C82: NLRP3 | D82: Undetermined | H82: 8.1.b
A83: B18 | B83: 8.1.c | C83: NLRP3 | D83: 38.248844 | H83: 8.1.c
A84: B19 | B84: 8.2.a | C84: NLRP3 | D84: 38.282154 | H84: 8.2.a
A85: B20 | B85: 8.2.b | C85: NLRP3 | D85: 38.366959 | H85: 8.2.b
A86: B21 | B86: 8.2.c | C86: NLRP3 | D86: Undetermined | H86: 8.2.c
A87: B22 | B87: 8.3.a | C87: NLRP3 | D87: 38.34409 | H87: 8.3.a
A88: B23 | B88: 8.3.b | C88: NLRP3 | D88: 38.288078 | H88: 8.3.b
A89: B24 | B89: 8.3.c | C89: NLRP3 | D89: Undetermined | H89: 8.3.c
A90: C1 | B90: 0.4.a | C90: NLRP3 | D90: 38.434395 | H90: 0.4.a
A91: C2 | B91: 0.4.b | C91: NLRP3 | D91: 38.271145 | H91: 0.4.b
A92: C3 | B92: 0.4.c | C92: NLRP3 | D92: Undetermined | H92: 0.4.c
A93: C4 | B93: 0.5.a | C93: NLRP3 | D93: Undetermined | H93: 0.5.a
A94: C5 | B94: 0.5.b | C94: NLRP3 | D94: 38.35368 | H94: 0.5.b
A95: C6 | B95: 0.5.c | C95: NLRP3 | D95: Undetermined | H95: 0.5.c
A96: C7 | B96: 0.6.a | C96: NLRP3 | D96: Undetermined | H96: 0.6.a
A97: C8 | B97: 0.6.b | C97: NLRP3 | D97: Undetermined | H97: 0.6.b
A98: C9 | B98: 0.6.c | C98: NLRP3 | D98: Undetermined | H98: 0.6.c
A99: C10 | B99: 0.7.a | C99: NLRP3 | D99: Undetermined | H99: 0.7.a
A100: C11 | B100: 0.7.b | C100: NLRP3 | D100: Undetermined | H100: 0.7.b
A101: C12 | B101: 0.7.c | C101: NLRP3 | D101: Undetermined | H101: 0.7.c
A102: C13 | B102: 0.8.a | C102: NLRP3 | D102: Undetermined | H102: 0.8.a
A103: C14 | B103: 0.8.b | C103: NLRP3 | D103: Undetermined | H103: 0.8.b
A104: C15 | B104: 0.8.c | C104: NLRP3 | D104: 38.404358 | H104: 0.8.c
A105: C16 | B105: 0.9.a | C105: NLRP3 | D105: Undetermined | H105: 0.9.a
A106: C17 | B106: 0.9.b | C106: NLRP3 | D106: Undetermined | H106: 0.9.b
A107: C18 | B107: 0.9.c | C107: NLRP3 | D107: Undetermined | H107: 0.9.c
A108: C19 | B108: 2.4.a | C108: NLRP3 | D108: 37.267616 | H108: 2.4.a
A109: C20 | B109: 2.4.b | C109: NLRP3 | D109: Undetermined | H109: 2.4.b
A110: C21 | B110: 2.4.c | C110: NLRP3 | D110: Undetermined | H110: 2.4.c
A111: C22 | B111: 2.5.a | C111: NLRP3 | D111: Undetermined | H111: 2.5.a
A112: C23 | B112: 2.5.b | C112: NLRP3 | D112: Undetermined | H112: 2.5.b
A113: C24 | B113: 2.5.c | C113: NLRP3 | D113: Undetermined | H113: 2.5.c
...

Sheet Results Workspace
A2: Well | B2: Ct from reader | C2: Corrected Cts | D2: Sample Name | E2: Average Ct | F2: STDEV
A3: A1 | B3: =VLOOKUP(A3,'Exported Results'!A$42:D$161,4,FALSE) -> Undetermined | C3: =IF(B3="Undetermined",40.1,B3) -> 40.1 | D3: =VLOOKUP(A3,'Exported Results'!A$42:D$161,2,FALSE) -> Blank 1.a | E3: =AVERAGE(C3:C5) -> 40.1 | F3: =_xlfn.STDEV.P(C3:C5) -> 0
A4: A2 | B4: =VLOOKUP(A4,'Exported Results'!A$42:D$161,4,FALSE) -> Undetermined | D4: =VLOOKUP(A4,'Exported Results'!A$42:D$161,2,FALSE) -> Blank 1.b
A5: A3 | B5: =VLOOKUP(A5,'Exported Results'!A$42:D$161,4,FALSE) -> Undetermined | C5: =IF(B5="Undetermined",40.1,B5) -> 40.1 | D5: =VLOOKUP(A5,'Exported Results'!A$42:D$161,2,FALSE) -> Blank 1.c
A6: A4 | B6: =VLOOKUP(A6,'Exported Results'!A$42:D$161,4,FALSE) -> 36.972271 | C6: =IF(B6="Undetermined",40.1,B6) -> 36.972271 | D6: =VLOOKUP(A6,'Exported Results'!A$42:D$161,2,FALSE) -> STD 10a | E6: =AVERAGE(C6:C8) -> 38.132824 | F6: =_xlfn.STDEV.P(C6:C8) -> 0.85414732
A7: A5 | B7: =VLOOKUP(A7,'Exported Results'!A$42:D$161,4,FALSE) -> 38.422947 | C7: =IF(B7="Undetermined",40.1,B7) -> 38.422947 | D7: =VLOOKUP(A7,'Exported Results'!A$42:D$161,2,FALSE) -> STD 10b
A8: A6 | B8: =VLOOKUP(A8,'Exported Results'!A$42:D$161,4,FALSE) -> 39.003254 | C8: =IF(B8="Undetermined",40.1,B8) -> 39.003254 | D8: =VLOOKUP(A8,'Exported Results'!A$42:D$161,2,FALSE) -> STD 10c
A9: A7 | B9: =VLOOKUP(A9,'Exported Results'!A$42:D$161,4,FALSE) -> 38.318333 | C9: =IF(B9="Undetermined",40.1,B9) -> 38.318333 | D9: =VLOOKUP(A9,'Exported Results'!A$42:D$161,2,FALSE) -> STD 20a | E9: =AVERAGE(C9:C11) -> 39.506111 | F9: =_xlfn.STDEV.P(C9:C11) -> 0.83988603
A10: A8 | B10: =VLOOKUP(A10,'Exported Results'!A$42:D$161,4,FALSE) -> Undetermined | C10: =IF(B10="Undetermined",40.1,B10) -> 40.1 | D10: =VLOOKUP(A10,'Exported Results'!A$42:D$161,2,FALSE) -> STD 20b
A11: A9 | B11: =VLOOKUP(A11,'Exported Results'!A$42:D$161,4,FALSE) -> Undetermined | C11: =IF(B11="Undetermined",40.1,B11) -> 40.1 | D11: =VLOOKUP(A11,'Exported Results'!A$42:D$161,2,FALSE) -> STD 20c
A12: A10 | B12: =VLOOKUP(A12,'Exported Results'!A$42:D$161,4,FALSE) -> Undetermined | C12: =IF(B12="Undetermined",40.1,B12) -> 40.1 | D12: =VLOOKUP(A12,'Exported Results'!A$42:D$161,2,FALSE) -> STD 40a | E12: =AVERAGE(C12:C14) -> 40.1 | F12: =_xlfn.STDEV.P(C12:C14) -> 0
A13: A11 | B13: =VLOOKUP(A13,'Exported Results'!A$42:D$161,4,FALSE) -> Undetermined | C13: =IF(B13="Undetermined",40.1,B13) -> 40.1 | D13: =VLOOKUP(A13,'Exported Results'!A$42:D$161,2,FALSE) -> STD 40b
A14: A12 | B14: =VLOOKUP(A14,'Exported Results'!A$42:D$161,4,FALSE) -> Undetermined | C14: =IF(B14="Undetermined",40.1,B14) -> 40.1 | D14: =VLOOKUP(A14,'Exported Results'!A$42:D$161,2,FALSE) -> STD 40c
A15: A13 | B15: =VLOOKUP(A15,'Exported Results'!A$42:D$161,4,FALSE) -> Undetermined | C15: =IF(B15="Undetermined",40.1,B15) -> 40.1 | D15: =VLOOKUP(A15,'Exported Results'!A$42:D$161,2,FALSE) -> STD 80a | E15: =AVERAGE(C15:C17) -> 39.359822 | F15: =_xlfn.STDEV.P(C15:C17) -> 1.0467693
A16: A14 | B16: =VLOOKUP(A16,'Exported Results'!A$42:D$161,4,FALSE) -> Undetermined | C16: =IF(B16="Undetermined",40.1,B16) -> 40.1 | D16: =VLOOKUP(A16,'Exported Results'!A$42:D$161,2,FALSE) -> STD 80b
A17: A15 | B17: =VLOOKUP(A17,'Exported Results'!A$42:D$161,4,FALSE) -> 37.879467 | C17: =IF(B17="Undetermined",40.1,B17) -> 37.879467 | D17: =VLOOKUP(A17,'Exported Results'!A$42:D$161,2,FALSE) -> STD 80c
A18: A16 | B18: =VLOOKUP(A18,'Exported Results'!A$42:D$161,4,FALSE) -> Undetermined | C18: =IF(B18="Undetermined",40.1,B18) -> 40.1 | D18: =VLOOKUP(A18,'Exported Results'!A$42:D$161,2,FALSE) -> STD 160a | E18: =AVERAGE(C18:C20) -> 40.1 | F18: =_xlfn.STDEV.P(C18:C20) -> 0
A19: A17 | B19: =VLOOKUP(A19,'Exported Results'!A$42:D$161,4,FALSE) -> Undetermined | C19: =IF(B19="Undetermined",40.1,B19) -> 40.1 | D19: =VLOOKUP(A19,'Exported Results'!A$42:D$161,2,FALSE) -> STD 160b
A20: A18 | B20: =VLOOKUP(A20,'Exported Results'!A$42:D$161,4,FALSE) -> Undetermined | C20: =IF(B20="Undetermined",40.1,B20) -> 40.1 | D20: =VLOOKUP(A20,'Exported Results'!A$42:D$161,2,FALSE) -> STD 160c
A21: A19 | B21: =VLOOKUP(A21,'Exported Results'!A$42:D$161,4,FALSE) -> Undetermined | C21: =IF(B21="Undetermined",40.1,B21) -> 40.1 | D21: =VLOOKUP(A21,'Exported Results'!A$42:D$161,2,FALSE) -> STD 320a | E21: =AVERAGE(C21:C23) -> 40.1 | F21: =_xlfn.STDEV.P(C21:C23) -> 0
A22: A20 | B22: =VLOOKUP(A22,'Exported Results'!A$42:D$161,4,FALSE) -> Undetermined | C22: =IF(B22="Undetermined",40.1,B22) -> 40.1 | D22: =VLOOKUP(A22,'Exported Results'!A$42:D$161,2,FALSE) -> STD 320b
A23: A21 | B23: =VLOOKUP(A23,'Exported Results'!A$42:D$161,4,FALSE) -> Undetermined | C23: =IF(B23="Undetermined",40.1,B23) -> 40.1 | D23: =VLOOKUP(A23,'Exported Results'!A$42:D$161,2,FALSE) -> STD 320c
A24: A22 | B24: =VLOOKUP(A24,'Exported Results'!A$42:D$161,4,FALSE) -> Undetermined | C24: =IF(B24="Undetermined",40.1,B24) -> 40.1 | D24: =VLOOKUP(A24,'Exported Results'!A$42:D$161,2,FALSE) -> 0.1.a | E24: =AVERAGE(C24:C26) -> 39.546048 | F24: =_xlfn.STDEV.P(C24:C26) -> 0.78340611
A25: A23 | B25: =VLOOKUP(A25,'Exported Results'!A$42:D$161,4,FALSE) -> 38.438145 | C25: =IF(B25="Undetermined",40.1,B25) -> 38.438145 | D25: =VLOOKUP(A25,'Exported Results'!A$42:D$161,2,FALSE) -> 0.1.b
A26: A24 | B26: =VLOOKUP(A26,'Exported Results'!A$42:D$161,4,FALSE) -> Undetermined | C26: =IF(B26="Undetermined",40.1,B26) -> 40.1 | D26: =VLOOKUP(A26,'Exported Results'!A$42:D$161,2,FALSE) -> 0.1.c
A27: B1 | B27: =VLOOKUP(A27,'Exported Results'!A$42:D$161,4,FALSE) -> 38.4613 | C27: =IF(B27="Undetermined",40.1,B27) -> 38.4613 | D27: =VLOOKUP(A27,'Exported Results'!A$42:D$161,2,FALSE) -> 0.2.a | E27: =AVERAGE(C27:C29) -> 39.553767 | F27: =_xlfn.STDEV.P(C27:C29) -> 0.77249064
A28: B2 | B28: =VLOOKUP(A28,'Exported Results'!A$42:D$161,4,FALSE) -> Undetermined | C28: =IF(B28="Undetermined",40.1,B28) -> 40.1 | D28: =VLOOKUP(A28,'Exported Results'!A$42:D$161,2,FALSE) -> 0.2.b
A29: B3 | B29: =VLOOKUP(A29,'Exported Results'!A$42:D$161,4,FALSE) -> Undetermined | C29: =IF(B29="Undetermined",40.1,B29) -> 40.1 | D29: =VLOOKUP(A29,'Exported Results'!A$42:D$161,2,FALSE) -> 0.2.c
A30: B4 | B30: =VLOOKUP(A30,'Exported Results'!A$42:D$161,4,FALSE) -> Undetermined | C30: =IF(B30="Undetermined",40.1,B30) -> 40.1 | D30: =VLOOKUP(A30,'Exported Results'!A$42:D$161,2,FALSE) -> 0.3.a | E30: =AVERAGE(C30:C32) -> 40.1 | F30: =_xlfn.STDEV.P(C30:C32) -> 0
A31: B5 | B31: =VLOOKUP(A31,'Exported Results'!A$42:D$161,4,FALSE) -> Undetermined | C31: =IF(B31="Undetermined",40.1,B31) -> 40.1 | D31: =VLOOKUP(A31,'Exported Results'!A$42:D$161,2,FALSE) -> 0.3.b
A32: B6 | B32: =VLOOKUP(A32,'Exported Results'!A$42:D$161,4,FALSE) -> Undetermined | C32: =IF(B32="Undetermined",40.1,B32) -> 40.1 | D32: =VLOOKUP(A32,'Exported Results'!A$42:D$161,2,FALSE) -> 0.3.c
A33: B7 | B33: =VLOOKUP(A33,'Exported Results'!A$42:D$161,4,FALSE) -> Undetermined | C33: =IF(B33="Undetermined",40.1,B33) -> 40.1 | D33: =VLOOKUP(A33,'Exported Results'!A$42:D$161,2,FALSE) -> 2.1.a | E33: =AVERAGE(C33:C35) -> 39.544691 | F33: =_xlfn.STDEV.P(C33:C35) -> 0.78532486
A34: B8 | B34: =VLOOKUP(A34,'Exported Results'!A$42:D$161,4,FALSE) -> 38.434074 | C34: =IF(B34="Undetermined",40.1,B34) -> 38.434074 | D34: =VLOOKUP(A34,'Exported Results'!A$42:D$161,2,FALSE) -> 2.1.b
A35: B9 | B35: =VLOOKUP(A35,'Exported Results'!A$42:D$161,4,FALSE) -> Undetermined | C35: =IF(B35="Undetermined",40.1,B35) -> 40.1 | D35: =VLOOKUP(A35,'Exported Results'!A$42:D$161,2,FALSE) -> 2.1.c
A36: B10 | B36: =VLOOKUP(A36,'Exported Results'!A$42:D$161,4,FALSE) -> 38.205517 | C36: =IF(B36="Undetermined",40.1,B36) -> 38.205517 | D36: =VLOOKUP(A36,'Exported Results'!A$42:D$161,2,FALSE) -> 2.2.a | E36: =AVERAGE(C36:C38) -> 39.017572 | F36: =_xlfn.STDEV.P(C36:C38) -> 0.7966984
A37: B11 | B37: =VLOOKUP(A37,'Exported Results'!A$42:D$161,4,FALSE) -> Undetermined | C37: =IF(B37="Undetermined",40.1,B37) -> 40.1 | D37: =VLOOKUP(A37,'Exported Results'!A$42:D$161,2,FALSE) -> 2.2.b
A38: B12 | B38: =VLOOKUP(A38,'Exported Results'!A$42:D$161,4,FALSE) -> 38.7472 | C38: =IF(B38="Undetermined",40.1,B38) -> 38.7472 | D38: =VLOOKUP(A38,'Exported Results'!A$42:D$161,2,FALSE) -> 2.2.c
A39: B13 | B39: =VLOOKUP(A39,'Exported Results'!A$42:D$161,4,FALSE) -> Undetermined | C39: =IF(B39="Undetermined",40.1,B39) -> 40.1 | D39: =VLOOKUP(A39,'Exported Results'!A$42:D$161,2,FALSE) -> 2.3.a | E39: =AVERAGE(C39:C41) -> 40.1 | F39: =_xlfn.STDEV.P(C39:C41) -> 0
A40: B14 | B40: =VLOOKUP(A40,'Exported Results'!A$42:D$161,4,FALSE) -> Undetermined | C40: =IF(B40="Undetermined",40.1,B40) -> 40.1 | D40: =VLOOKUP(A40,'Exported Results'!A$42:D$161,2,FALSE) -> 2.3.b
A41: B15 | B41: =VLOOKUP(A41,'Exported Results'!A$42:D$161,4,FALSE) -> Undetermined | C41: =IF(B41="Undetermined",40.1,B41) -> 40.1 | D41: =VLOOKUP(A41,'Exported Results'!A$42:D$161,2,FALSE) -> 2.3.c
A42: B16 | B42: =VLOOKUP(A42,'Exported Results'!A$42:D$161,4,FALSE) -> 38.149326 | C42: =IF(B42="Undetermined",40.1,B42) -> 38.149326 | D42: =VLOOKUP(A42,'Exported Results'!A$42:D$161,2,FALSE) -> 8.1.a | E42: =AVERAGE(C42:C44) -> 38.832723 | F42: =_xlfn.STDEV.P(C42:C44) -> 0.89702035
A43: B17 | B43: =VLOOKUP(A43,'Exported Results'!A$42:D$161,4,FALSE) -> Undetermined | C43: =IF(B43="Undetermined",40.1,B43) -> 40.1 | D43: =VLOOKUP(A43,'Exported Results'!A$42:D$161,2,FALSE) -> 8.1.b
A44: B18 | B44: =VLOOKUP(A44,'Exported Results'!A$42:D$161,4,FALSE) -> 38.248844 | C44: =IF(B44="Undetermined",40.1,B44) -> 38.248844 | D44: =VLOOKUP(A44,'Exported Results'!A$42:D$161,2,FALSE) -> 8.1.c
A45: B19 | B45: =VLOOKUP(A45,'Exported Results'!A$42:D$161,4,FALSE) -> 38.282154 | C45: =IF(B45="Undetermined",40.1,B45) -> 38.282154 | D45: =VLOOKUP(A45,'Exported Results'!A$42:D$161,2,FALSE) -> 8.2.a | E45: =AVERAGE(C45:C47) -> 38.916371 | F45: =_xlfn.STDEV.P(C45:C47) -> 0.83766793
A46: B20 | B46: =VLOOKUP(A46,'Exported Results'!A$42:D$161,4,FALSE) -> 38.366959 | C46: =IF(B46="Undetermined",40.1,B46) -> 38.366959 | D46: =VLOOKUP(A46,'Exported Results'!A$42:D$161,2,FALSE) -> 8.2.b
A47: B21 | B47: =VLOOKUP(A47,'Exported Results'!A$42:D$161,4,FALSE) -> Undetermined | C47: =IF(B47="Undetermined",40.1,B47) -> 40.1 | D47: =VLOOKUP(A47,'Exported Results'!A$42:D$161,2,FALSE) -> 8.2.c
A48: B22 | B48: =VLOOKUP(A48,'Exported Results'!A$42:D$161,4,FALSE) -> 38.34409 | C48: =IF(B48="Undetermined",40.1,B48) -> 38.34409 | D48: =VLOOKUP(A48,'Exported Results'!A$42:D$161,2,FALSE) -> 8.3.a | E48: =AVERAGE(C48:C50) -> 38.910723 | F48: =_xlfn.STDEV.P(C48:C50) -> 0.84125694
A49: B23 | B49: =VLOOKUP(A49,'Exported Results'!A$42:D$161,4,FALSE) -> 38.288078 | C49: =IF(B49="Undetermined",40.1,B49) -> 38.288078 | D49: =VLOOKUP(A49,'Exported Results'!A$42:D$161,2,FALSE) -> 8.3.b
A50: B24 | B50: =VLOOKUP(A50,'Exported Results'!A$42:D$161,4,FALSE) -> Undetermined | C50: =IF(B50="Undetermined",40.1,B50) -> 40.1 | D50: =VLOOKUP(A50,'Exported Results'!A$42:D$161,2,FALSE) -> 8.3.c
A51: C1 | B51: =VLOOKUP(A51,'Exported Results'!A$42:D$161,4,FALSE) -> 38.434395 | C51: =IF(B51="Undetermined",40.1,B51) -> 38.434395 | D51: =VLOOKUP(A51,'Exported Results'!A$42:D$161,2,FALSE) -> 0.4.a | E51: =AVERAGE(C51:C53) -> 38.93518 | F51: =_xlfn.STDEV.P(C51:C53) -> 0.82634417
A52: C2 | B52: =VLOOKUP(A52,'Exported Results'!A$42:D$161,4,FALSE) -> 38.271145 | C52: =IF(B52="Undetermined",40.1,B52) -> 38.271145 | D52: =VLOOKUP(A52,'Exported Results'!A$42:D$161,2,FALSE) -> 0.4.b
A53: C3 | B53: =VLOOKUP(A53,'Exported Results'!A$42:D$161,4,FALSE) -> Undetermined | C53: =IF(B53="Undetermined",40.1,B53) -> 40.1 | D53: =VLOOKUP(A53,'Exported Results'!A$42:D$161,2,FALSE) -> 0.4.c
A54: C4 | B54: =VLOOKUP(A54,'Exported Results'!A$42:D$161,4,FALSE) -> Undetermined | C54: =IF(B54="Undetermined",40.1,B54) -> 40.1 | D54: =VLOOKUP(A54,'Exported Results'!A$42:D$161,2,FALSE) -> 0.5.a | E54: =AVERAGE(C54:C56) -> 39.517893 | F54: =_xlfn.STDEV.P(C54:C56) -> 0.8232233
A55: C5 | B55: =VLOOKUP(A55,'Exported Results'!A$42:D$161,4,FALSE) -> 38.35368 | C55: =IF(B55="Undetermined",40.1,B55) -> 38.35368 | D55: =VLOOKUP(A55,'Exported Results'!A$42:D$161,2,FALSE) -> 0.5.b
A56: C6 | B56: =VLOOKUP(A56,'Exported Results'!A$42:D$161,4,FALSE) -> Undetermined | C56: =IF(B56="Undetermined",40.1,B56) -> 40.1 | D56: =VLOOKUP(A56,'Exported Results'!A$42:D$161,2,FALSE) -> 0.5.c
A57: C7 | B57: =VLOOKUP(A57,'Exported Results'!A$42:D$161,4,FALSE) -> Undetermined | C57: =IF(B57="Undetermined",40.1,B57) -> 40.1 | D57: =VLOOKUP(A57,'Exported Results'!A$42:D$161,2,FALSE) -> 0.6.a | E57: =AVERAGE(C57:C59) -> 40.1 | F57: =_xlfn.STDEV.P(C57:C59) -> 0
A58: C8 | B58: =VLOOKUP(A58,'Exported Results'!A$42:D$161,4,FALSE) -> Undetermined | C58: =IF(B58="Undetermined",40.1,B58) -> 40.1 | D58: =VLOOKUP(A58,'Exported Results'!A$42:D$161,2,FALSE) -> 0.6.b
A59: C9 | B59: =VLOOKUP(A59,'Exported Results'!A$42:D$161,4,FALSE) -> Undetermined | C59: =IF(B59="Undetermined",40.1,B59) -> 40.1 | D59: =VLOOKUP(A59,'Exported Results'!A$42:D$161,2,FALSE) -> 0.6.c
A60: C10 | B60: =VLOOKUP(A60,'Exported Results'!A$42:D$161,4,FALSE) -> Undetermined | C60: =IF(B60="Undetermined",40.1,B60) -> 40.1 | D60: =VLOOKUP(A60,'Exported Results'!A$42:D$161,2,FALSE) -> 0.7.a | E60: =AVERAGE(C60:C62) -> 40.1 | F60: =_xlfn.STDEV.P(C60:C62) -> 0
A61: C11 | B61: =VLOOKUP(A61,'Exported Results'!A$42:D$161,4,FALSE) -> Undetermined | C61: =IF(B61="Undetermined",40.1,B61) -> 40.1 | D61: =VLOOKUP(A61,'Exported Results'!A$42:D$161,2,FALSE) -> 0.7.b
A62: C12 | B62: =VLOOKUP(A62,'Exported Results'!A$42:D$161,4,FALSE) -> Undetermined | C62: =IF(B62="Undetermined",40.1,B62) -> 40.1 | D62: =VLOOKUP(A62,'Exported Results'!A$42:D$161,2,FALSE) -> 0.7.c
A63: C13 | B63: =VLOOKUP(A63,'Exported Results'!A$42:D$161,4,FALSE) -> Undetermined | C63: =IF(B63="Undetermined",40.1,B63) -> 40.1 | D63: =VLOOKUP(A63,'Exported Results'!A$42:D$161,2,FALSE) -> 0.8.a | E63: =AVERAGE(C63:C65) -> 39.534786 | F63: =_xlfn.STDEV.P(C63:C65) -> 0.79933335
A64: C14 | B64: =VLOOKUP(A64,'Exported Results'!A$42:D$161,4,FALSE) -> Undetermined | C64: =IF(B64="Undetermined",40.1,B64) -> 40.1 | D64: =VLOOKUP(A64,'Exported Results'!A$42:D$161,2,FALSE) -> 0.8.b
A65: C15 | B65: =VLOOKUP(A65,'Exported Results'!A$42:D$161,4,FALSE) -> 38.404358 | C65: =IF(B65="Undetermined",40.1,B65) -> 38.404358 | D65: =VLOOKUP(A65,'Exported Results'!A$42:D$161,2,FALSE) -> 0.8.c
A66: C16 | B66: =VLOOKUP(A66,'Exported Results'!A$42:D$161,4,FALSE) -> Undetermined | C66: =IF(B66="Undetermined",40.1,B66) -> 40.1 | D66: =VLOOKUP(A66,'Exported Results'!A$42:D$161,2,FALSE) -> 0.9.a | E66: =AVERAGE(C66:C68) -> 40.1 | F66: =_xlfn.STDEV.P(C66:C68) -> 0
A67: C17 | B67: =VLOOKUP(A67,'Exported Results'!A$42:D$161,4,FALSE) -> Undetermined | C67: =IF(B67="Undetermined",40.1,B67) -> 40.1 | D67: =VLOOKUP(A67,'Exported Results'!A$42:D$161,2,FALSE) -> 0.9.b
A68: C18 | B68: =VLOOKUP(A68,'Exported Results'!A$42:D$161,4,FALSE) -> Undetermined | C68: =IF(B68="Undetermined",40.1,B68) -> 40.1 | D68: =VLOOKUP(A68,'Exported Results'!A$42:D$161,2,FALSE) -> 0.9.c
A69: C19 | B69: =VLOOKUP(A69,'Exported Results'!A$42:D$161,4,FALSE) -> 37.267616 | C69: =IF(B69="Undetermined",40.1,B69) -> 37.267616 | D69: =VLOOKUP(A69,'Exported Results'!A$42:D$161,2,FALSE) -> 2.4.a | E69: =AVERAGE(C69:C71) -> 39.155872 | F69: =_xlfn.STDEV.P(C69:C71) -> 1.3351985
A70: C20 | B70: =VLOOKUP(A70,'Exported Results'!A$42:D$161,4,FALSE) -> Undetermined | C70: =IF(B70="Undetermined",40.1,B70) -> 40.1 | D70: =VLOOKUP(A70,'Exported Results'!A$42:D$161,2,FALSE) -> 2.4.b
A71: C21 | B71: =VLOOKUP(A71,'Exported Results'!A$42:D$161,4,FALSE) -> Undetermined | C71: =IF(B71="Undetermined",40.1,B71) -> 40.1 | D71: =VLOOKUP(A71,'Exported Results'!A$42:D$161,2,FALSE) -> 2.4.c
A72: C22 | B72: =VLOOKUP(A72,'Exported Results'!A$42:D$161,4,FALSE) -> Undetermined | C72: =IF(B72="Undetermined",40.1,B72) -> 40.1 | D72: =VLOOKUP(A72,'Exported Results'!A$42:D$161,2,FALSE) -> 2.5.a | E72: =AVERAGE(C72:C74) -> 40.1 | F72: =_xlfn.STDEV.P(C72:C74) -> 0
A73: C23 | B73: =VLOOKUP(A73,'Exported Results'!A$42:D$161,4,FALSE) -> Undetermined | C73: =IF(B73="Undetermined",40.1,B73) -> 40.1 | D73: =VLOOKUP(A73,'Exported Results'!A$42:D$161,2,FALSE) -> 2.5.b
A74: C24 | B74: =VLOOKUP(A74,'Exported Results'!A$42:D$161,4,FALSE) -> Undetermined | C74: =IF(B74="Undetermined",40.1,B74) -> 40.1 | D74: =VLOOKUP(A74,'Exported Results'!A$42:D$161,2,FALSE) -> 2.5.c
A75: D1 | B75: =VLOOKUP(A75,'Exported Results'!A$42:D$161,4,FALSE) -> Undetermined | C75: =IF(B75="Undetermined",40.1,B75) -> 40.1 | D75: =VLOOKUP(A75,'Exported Results'!A$42:D$161,2,FALSE) -> 2.6.a | E75: =AVERAGE(C75:C77) -> 40.1 | F75: =_xlfn.STDEV.P(C75:C77) -> 0
A76: D2 | B76: =VLOOKUP(A76,'Exported Results'!A$42:D$161,4,FALSE) -> Undetermined | C76: =IF(B76="Undetermined",40.1,B76) -> 40.1 | D76: =VLOOKUP(A76,'Exported Results'!A$42:D$161,2,FALSE) -> 2.6.b
A77: D3 | B77: =VLOOKUP(A77,'Exported Results'!A$42:D$161,4,FALSE) -> Undetermined | C77: =IF(B77="Undetermined",40.1,B77) -> 40.1 | D77: =VLOOKUP(A77,'Exported Results'!A$42:D$161,2,FALSE) -> 2.6.c
A78: D4 | B78: =VLOOKUP(A78,'Exported Results'!A$42:D$161,4,FALSE) -> 37.118561 | C78: =IF(B78="Undetermined",40.1,B78) -> 37.118561 | D78: =VLOOKUP(A78,'Exported Results'!A$42:D$161,2,FALSE) -> 2.7.a | E78: =AVERAGE(C78:C80) -> 38.474319 | F78: =_xlfn.STDEV.P(C78:C80) -> 1.2320414
A79: D5 | B79: =VLOOKUP(A79,'Exported Results'!A$42:D$161,4,FALSE) -> Undetermined | C79: =IF(B79="Undetermined",40.1,B79) -> 40.1 | D79: =VLOOKUP(A79,'Exported Results'!A$42:D$161,2,FALSE) -> 2.7.b
A80: D6 | B80: =VLOOKUP(A80,'Exported Results'!A$42:D$161,4,FALSE) -> 38.204395 | C80: =IF(B80="Undetermined",40.1,B80) -> 38.204395 | D80: =VLOOKUP(A80,'Exported Results'!A$42:D$161,2,FALSE) -> 2.7.c
A81: D7 | B81: =VLOOKUP(A81,'Exported Results'!A$42:D$161,4,FALSE) -> Undetermined | D81: =VLOOKUP(A81,'Exported Results'!A$42:D$161,2,FALSE) -> 2.8.a | E81: =AVERAGE(C81:C83) -> #DIV/0! | F81: =_xlfn.STDEV.P(C81:C83) -> #DIV/0!
A82: D8 | B82: =VLOOKUP(A82,'Exported Results'!A$42:D$161,4,FALSE) -> Undetermined | D82: =VLOOKUP(A82,'Exported Results'!A$42:D$161,2,FALSE) -> 2.8.b
A83: D9 | B83: =VLOOKUP(A83,'Exported Results'!A$42:D$161,4,FALSE) -> Undetermined | D83: =VLOOKUP(A83,'Exported Results'!A$42:D$161,2,FALSE) -> 2.8.c
A84: D10 | B84: =VLOOKUP(A84,'Exported Results'!A$42:D$161,4,FALSE) -> Undetermined | C84: =IF(B84="Undetermined",40.1,B84) -> 40.1 | D84: =VLOOKUP(A84,'Exported Results'!A$42:D$161,2,FALSE) -> 2.9.a | E84: =AVERAGE(C84:C86) -> 39.160395 | F84: =_xlfn.STDEV.P(C84:C86) -> 1.3288021
A85: D11 | B85: =VLOOKUP(A85,'Exported Results'!A$42:D$161,4,FALSE) -> Undetermined | C85: =IF(B85="Undetermined",40.1,B85) -> 40.1 | D85: =VLOOKUP(A85,'Exported Results'!A$42:D$161,2,FALSE) -> 2.9.b
A86: D12 | B86: =VLOOKUP(A86,'Exported Results'!A$42:D$161,4,FALSE) -> 37.281185 | C86: =IF(B86="Undetermined",40.1,B86) -> 37.281185 | D86: =VLOOKUP(A86,'Exported Results'!A$42:D$161,2,FALSE) -> 2.9.c
A87: D13 | B87: =VLOOKUP(A87,'Exported Results'!A$42:D$161,4,FALSE) -> Undetermined | D87: =VLOOKUP(A87,'Exported Results'!A$42:D$161,2,FALSE) -> 8.4.a | E87: =AVERAGE(C87:C89) -> #DIV/0! | F87: =_xlfn.STDEV.P(C87:C89) -> #DIV/0!
A88: D14 | B88: =VLOOKUP(A88,'Exported Results'!A$42:D$161,4,FALSE) -> Undetermined | D88: =VLOOKUP(A88,'Exported Results'!A$42:D$161,2,FALSE) -> 8.4.b
A89: D15 | B89: =VLOOKUP(A89,'Exported Results'!A$42:D$161,4,FALSE) -> Undetermined | D89: =VLOOKUP(A89,'Exported Results'!A$42:D$161,2,FALSE) -> 8.4.c
A90: D16 | B90: =VLOOKUP(A90,'Exported Results'!A$42:D$161,4,FALSE) -> Undetermined | C90: =IF(B90="Undetermined",40.1,B90) -> 40.1 | D90: =VLOOKUP(A90,'Exported Results'!A$42:D$161,2,FALSE) -> 8.5.a | E90: =AVERAGE(C90:C92) -> 39.504266 | F90: =_xlfn.STDEV.P(C90:C92) -> 0.84249532
A91: D17 | B91: =VLOOKUP(A91,'Exported Results'!A$42:D$161,4,FALSE) -> Undetermined | C91: =IF(B91="Undetermined",40.1,B91) -> 40.1 | D91: =VLOOKUP(A91,'Exported Results'!A$42:D$161,2,FALSE) -> 8.5.b
A92: D18 | B92: =VLOOKUP(A92,'Exported Results'!A$42:D$161,4,FALSE) -> 38.312798 | C92: =IF(B92="Undetermined",40.1,B92) -> 38.312798 | D92: =VLOOKUP(A92,'Exported Results'!A$42:D$161,2,FALSE) -> 8.5.c
A93: D19 | B93: =VLOOKUP(A93,'Exported Results'!A$42:D$161,4,FALSE) -> Undetermined | C93: =IF(B93="Undetermined",40.1,B93) -> 40.1 | D93: =VLOOKUP(A93,'Exported Results'!A$42:D$161,2,FALSE) -> 8.6.a | E93: =AVERAGE(C93:C95) -> 39.475949 | F93: =_xlfn.STDEV.P(C93:C95) -> 0.88254089
A94: D20 | B94: =VLOOKUP(A94,'Exported Results'!A$42:D$161,4,FALSE) -> Undetermined | C94: =IF(B94="Undetermined",40.1,B94) -> 40.1 | D94: =VLOOKUP(A94,'Exported Results'!A$42:D$161,2,FALSE) -> 8.6.b
A95: D21 | B95: =VLOOKUP(A95,'Exported Results'!A$42:D$161,4,FALSE) -> 38.227848 | C95: =IF(B95="Undetermined",40.1,B95) -> 38.227848 | D95: =VLOOKUP(A95,'Exported Results'!A$42:D$161,2,FALSE) -> 8.6.c
A96: D22 | B96: =VLOOKUP(A96,'Exported Results'!A$42:D$161,4,FALSE) -> Undetermined | C96: =IF(B96="Undetermined",40.1,B96) -> 40.1 | D96: =VLOOKUP(A96,'Exported Results'!A$42:D$161,2,FALSE) -> 8.7.a | E96: =AVERAGE(C96:C98) -> 39.338629 | F96: =_xlfn.STDEV.P(C96:C98) -> 1.076741
A97: D23 | B97: =VLOOKUP(A97,'Exported Results'!A$42:D$161,4,FALSE) -> 37.815887 | C97: =IF(B97="Undetermined",40.1,B97) -> 37.815887 | D97: =VLOOKUP(A97,'Exported Results'!A$42:D$161,2,FALSE) -> 8.7.b
A98: D24 | B98: =VLOOKUP(A98,'Exported Results'!A$42:D$161,4,FALSE) -> Undetermined | C98: =IF(B98="Undetermined",40.1,B98) -> 40.1 | D98: =VLOOKUP(A98,'Exported Results'!A$42:D$161,2,FALSE) -> 8.7.c
A99: E1 | B99: =VLOOKUP(A99,'Exported Results'!A$42:D$161,4,FALSE) -> 38.349628 | C99: =IF(B99="Undetermined",40.1,B99) -> 38.349628 | D99: =VLOOKUP(A99,'Exported Results'!A$42:D$161,2,FALSE) -> 8.8.a | E99: =AVERAGE(C99:C101) -> 39.516543 | F99: =_xlfn.STDEV.P(C99:C101) -> 0.82513306
A100: E2 | B100: =VLOOKUP(A100,'Exported Results'!A$42:D$161,4,FALSE) -> Undetermined | C100: =IF(B100="Undetermined",40.1,B100) -> 40.1 | D100: =VLOOKUP(A100,'Exported Results'!A$42:D$161,2,FALSE) -> 8.8.b
A101: E3 | B101: =VLOOKUP(A101,'Exported Results'!A$42:D$161,4,FALSE) -> Undetermined | C101: =IF(B101="Undetermined",40.1,B101) -> 40.1 | D101: =VLOOKUP(A101,'Exported Results'!A$42:D$161,2,FALSE) -> 8.8.c
...

Sheet NLRP3
A1: Standard dilution | B1: Av CT | C1: SD CT | D1: CV CT | E1: Dilution | F1: log dilution
A2: =B33 -> STD 10a | B2: =C33 -> 38.132824 | C2: =D33 -> 0.85414732 | D2: =C2/B2 -> 0.022399267 | E2: 0.1 | F2: =LOG(E2,10) -> -1
A3: =B34 -> STD 20a | B3: =C34 -> 39.506111 | C3: =D34 -> 0.83988603 | D3: =C3/B3 -> 0.021259649 | E3: 0.05 | F3: =LOG(E3,10) -> -1.30103
A4: =B35 -> STD 40a | B4: =C35 -> 40.1 | C4: =D35 -> 0 | D4: =C4/B4 -> 0 | E4: 0.025 | F4: =LOG(E4,10) -> -1.60206
A5: =B36 -> STD 80a | B5: =C36 -> 39.359822 | C5: =D36 -> 1.0467693 | D5: =C5/B5 -> 0.026594868 | E5: 0.0125 | F5: =LOG(E5,10) -> -1.90309
A6: =B37 -> STD 160a | B6: =C37 -> 40.1 | C6: =D37 -> 0 | D6: =C6/B6 -> 0 | E6: 0.00625 | F6: =LOG(E6,10) -> -2.20412
A7: =B38 -> STD 320a | B7: =C38 -> 40.1 | C7: =D38 -> 0 | D7: =C7/B7 -> 0 | E7: 0.003125 | F7: =LOG(E7,10) -> -2.50515
B28: Slope | C28: =SLOPE(B2:B7,F2:F7) -> -1.0323955
B29: Efficiency | C29: =10^(-1/C28) -> 9.3029585
B31: Sample | C31: Av Ct | D31: SD Ct | E31: CV Ct | F31: delta Ct (to STD 20) | G31: deltadelta Ct
B32: ='Results Workspace'!D3 -> Blank 1.a | C32: ='Results Workspace'!E3 -> 40.1 | D32: ='Results Workspace'!F3 -> 0 | E32: =D32/C32 -> 0 | F32: =$C$29^($B$3-C32) -> 0.26591724
B33: ='Results Workspace'!D6 -> STD 10a | C33: ='Results Workspace'!E6 -> 38.132824 | D33: ='Results Workspace'!F6 -> 0.85414732 | E33: =D33/C33 -> 0.022399267 | F33: =$C$29^($B$3-C33) -> 21.389207
B34: ='Results Workspace'!D9 -> STD 20a | C34: ='Results Workspace'!E9 -> 39.506111 | D34: ='Results Workspace'!F9 -> 0.83988603 | E34: =D34/C34 -> 0.021259649 | F34: =$C$29^($B$3-C34) -> 1
B35: ='Results Workspace'!D12 -> STD 40a | C35: ='Results Workspace'!E12 -> 40.1 | D35: ='Results Workspace'!F12 -> 0 | E35: =D35/C35 -> 0 | F35: =$C$29^($B$3-C35) -> 0.26591724
B36: ='Results Workspace'!D15 -> STD 80a | C36: ='Results Workspace'!E15 -> 39.359822 | D36: ='Results Workspace'!F15 -> 1.0467693 | E36: =D36/C36 -> 0.026594868 | F36: =$C$29^($B$3-C36) -> 1.3857924
B37: ='Results Workspace'!D18 -> STD 160a | C37: ='Results Workspace'!E18 -> 40.1 | D37: ='Results Workspace'!F18 -> 0 | E37: =D37/C37 -> 0 | F37: =$C$29^($B$3-C37) -> 0.26591724
B38: ='Results Workspace'!D21 -> STD 320a | C38: ='Results Workspace'!E21 -> 40.1 | D38: ='Results Workspace'!F21 -> 0 | E38: =D38/C38 -> 0 | F38: =$C$29^($B$3-C38) -> 0.26591724
B39: ='Results Workspace'!D24 -> 0.1.a | C39: ='Results Workspace'!E24 -> 39.546048 | D39: ='Results Workspace'!F24 -> 0.78340611 | E39: =D39/C39 -> 0.019809972 | F39: =$C$29^($B$3-C39) -> 0.9147783 | G39: =F39/'Housekeeper summary'!$E$4 -> 1.7259968
B40: ='Results Workspace'!D27 -> 0.2.a | C40: ='Results Workspace'!E27 -> 39.553767 | D40: ='Results Workspace'!F27 -> 0.77249064 | E40: =D40/C40 -> 0.019530141 | F40: =$C$29^($B$3-C40) -> 0.89916552 | G40: =F40/'Housekeeper summary'!$E$4 -> 1.6965387
B41: ='Results Workspace'!D30 -> 0.3.a | C41: ='Results Workspace'!E30 -> 40.1 | D41: ='Results Workspace'!F30 -> 0 | E41: =D41/C41 -> 0 | F41: =$C$29^($B$3-C41) -> 0.26591724 | G41: =F41/'Housekeeper summary'!$E$4 -> 0.50173063
B42: ='Results Workspace'!D33 -> 2.1.a | C42: ='Results Workspace'!E33 -> 39.544691 | D42: ='Results Workspace'!F33 -> 0.78532486 | E42: =D42/C42 -> 0.019859173 | F42: =$C$29^($B$3-C42) -> 0.91755064 | G42: =F42/'Housekeeper summary'!$E$4 -> 1.7312276
B43: ='Results Workspace'!D36 -> 2.2.a | C43: ='Results Workspace'!E36 -> 39.017572 | D43: ='Results Workspace'!F36 -> 0.7966984 | E43: =D43/C43 -> 0.020418964 | F43: =$C$29^($B$3-C43) -> 2.9730951 | G43: =F43/'Housekeeper summary'!$E$4 -> 5.6096134
B44: ='Results Workspace'!D39 -> 2.3.a | C44: ='Results Workspace'!E39 -> 40.1 | D44: ='Results Workspace'!F39 -> 0 | E44: =D44/C44 -> 0 | F44: =$C$29^($B$3-C44) -> 0.26591724 | G44: =F44/'Housekeeper summary'!$E$4 -> 0.50173063
B45: ='Results Workspace'!D42 -> 8.1.a | C45: ='Results Workspace'!E42 -> 38.832723 | D45: ='Results Workspace'!F42 -> 0.89702035 | E45: =D45/C45 -> 0.023099599 | F45: =$C$29^($B$3-C45) -> 4.4901126 | G45: =F45/'Housekeeper summary'!$E$4 -> 8.4719106
B46: ='Results Workspace'!D45 -> 8.2.a | C46: ='Results Workspace'!E45 -> 38.916371 | D46: ='Results Workspace'!F45 -> 0.83766793 | E46: =D46/C46 -> 0.021524821 | F46: =$C$29^($B$3-C46) -> 3.7259291 | G46: =F46/'Housekeeper summary'!$E$4 -> 7.0300549
B47: ='Results Workspace'!D48 -> 8.3.a | C47: ='Results Workspace'!E48 -> 38.910723 | D47: ='Results Workspace'!F48 -> 0.84125694 | E47: =D47/C47 -> 0.021620183 | F47: =$C$29^($B$3-C47) -> 3.7731637 | G47: =F47/'Housekeeper summary'!$E$4 -> 7.1191768
B48: ='Results Workspace'!D51 -> 0.4.a | C48: ='Results Workspace'!E51 -> 38.93518 | D48: ='Results Workspace'!F51 -> 0.82634417 | E48: =D48/C48 -> 0.021223587 | F48: =$C$29^($B$3-C48) -> 3.5728583 | G48: =F48/'Housekeeper summary'!$E$4 -> 6.7412421
B49: ='Results Workspace'!D54 -> 0.5.a | C49: ='Results Workspace'!E54 -> 39.517893 | D49: ='Results Workspace'!F54 -> 0.8232233 | E49: =D49/C49 -> 0.02083166 | F49: =$C$29^($B$3-C49) -> 0.97406377 | G49: =F49/'Housekeeper summary'!$E$4 -> 1.8378562
B50: ='Results Workspace'!D57 -> 0.6.a | C50: ='Results Workspace'!E57 -> 40.1 | D50: ='Results Workspace'!F57 -> 0 | E50: =D50/C50 -> 0 | F50: =$C$29^($B$3-C50) -> 0.26591724 | G50: =F50/'Housekeeper summary'!$E$4 -> 0.50173063
B51: ='Results Workspace'!D60 -> 0.7.a | C51: ='Results Workspace'!E60 -> 40.1 | D51: ='Results Workspace'!F60 -> 0 | E51: =D51/C51 -> 0 | F51: =$C$29^($B$3-C51) -> 0.26591724 | G51: =F51/'Housekeeper summary'!$E$4 -> 0.50173063
B52: ='Results Workspace'!D63 -> 0.8.a | C52: ='Results Workspace'!E63 -> 39.534786 | D52: ='Results Workspace'!F63 -> 0.79933335 | E52: =D52/C52 -> 0.020218482 | F52: =$C$29^($B$3-C52) -> 0.93804725 | G52: =F52/'Housekeeper summary'!$E$4 -> 1.7699005
B53: ='Results Workspace'!D66 -> 0.9.a | C53: ='Results Workspace'!E66 -> 40.1 | D53: ='Results Workspace'!F66 -> 0 | E53: =D53/C53 -> 0 | F53: =$C$29^($B$3-C53) -> 0.26591724 | G53: =F53/'Housekeeper summary'!$E$4 -> 0.50173063
B54: ='Results Workspace'!D69 -> 2.4.a | C54: ='Results Workspace'!E69 -> 39.155872 | D54: ='Results Workspace'!F69 -> 1.3351985 | E54: =D54/C54 -> 0.034099572 | F54: =$C$29^($B$3-C54) -> 2.1839801 | G54: =F54/'Housekeeper summary'!$E$4 -> 4.1207173
B55: ='Results Workspace'!D72 -> 2.5.a | C55: ='Results Workspace'!E72 -> 40.1 | D55: ='Results Workspace'!F72 -> 0 | E55: =D55/C55 -> 0 | F55: =$C$29^($B$3-C55) -> 0.26591724 | G55: =F55/'Housekeeper summary'!$E$4 -> 0.50173063
B56: ='Results Workspace'!D75 -> 2.6.a | C56: ='Results Workspace'!E75 -> 40.1 | D56: ='Results Workspace'!F75 -> 0 | E56: =D56/C56 -> 0 | F56: =$C$29^($B$3-C56) -> 0.26591724 | G56: =F56/'Housekeeper summary'!$E$4 -> 0.50173063
B57: ='Results Workspace'!D78 -> 2.7.a | C57: ='Results Workspace'!E78 -> 38.474319 | D57: ='Results Workspace'!F78 -> 1.2320414 | E57: =D57/C57 -> 0.032022435 | F57: =$C$29^($B$3-C57) -> 9.9865544 | G57: =F57/'Housekeeper summary'!$E$4 -> 18.842556
B58: ='Results Workspace'!D81 -> 2.8.a | C58: ='Results Workspace'!E81 -> #DIV/0! | D58: ='Results Workspace'!F81 -> #DIV/0! | E58: =D58/C58 -> #DIV/0! | F58: =$C$29^($B$3-C58) -> #DIV/0! | G58: =F58/'Housekeeper summary'!$E$4 -> #DIV/0!
B59: ='Results Workspace'!D84 -> 2.9.a | C59: ='Results Workspace'!E84 -> 39.160395 | D59: ='Results Workspace'!F84 -> 1.3288021 | E59: =D59/C59 -> 0.033932295 | F59: =$C$29^($B$3-C59) -> 2.1620596 | G59: =F59/'Housekeeper summary'!$E$4 -> 4.0793576
B60: ='Results Workspace'!D87 -> 8.4.a | C60: ='Results Workspace'!E87 -> #DIV/0! | D60: ='Results Workspace'!F87 -> #DIV/0! | E60: =D60/C60 -> #DIV/0! | F60: =$C$29^($B$3-C60) -> #DIV/0! | G60: =F60/'Housekeeper summary'!$E$4 -> #DIV/0!
B61: ='Results Workspace'!D90 -> 8.5.a | C61: ='Results Workspace'!E90 -> 39.504266 | D61: ='Results Workspace'!F90 -> 0.84249532 | E61: =D61/C61 -> 0.021326692 | F61: =$C$29^($B$3-C61) -> 1.0041235 | G61: =F61/'Housekeeper summary'!$E$4 -> 1.8945727
B62: ='Results Workspace'!D93 -> 8.6.a | C62: ='Results Workspace'!E93 -> 39.475949 | D62: ='Results Workspace'!F93 -> 0.88254089 | E62: =D62/C62 -> 0.02235642 | F62: =$C$29^($B$3-C62) -> 1.0695845 | G62: =F62/'Housekeeper summary'!$E$4 -> 2.018084
B63: ='Results Workspace'!D96 -> 8.7.a | C63: ='Results Workspace'!E96 -> 39.338629 | D63: ='Results Workspace'!F96 -> 1.076741 | E63: =D63/C63 -> 0.027371085 | F63: =$C$29^($B$3-C63) -> 1.4528686 | G63: =F63/'Housekeeper summary'!$E$4 -> 2.7412616
B64: ='Results Workspace'!D99 -> 8.8.a | C64: ='Results Workspace'!E99 -> 39.516543 | D64: ='Results Workspace'!F99 -> 0.82513306 | E64: =D64/C64 -> 0.0208807 | F64: =$C$29^($B$3-C64) -> 0.97700192 | G64: =F64/'Housekeeper summary'!$E$4 -> 1.8433998
B65: ='Results Workspace'!D102 -> 8.9.a | C65: ='Results Workspace'!E102 -> 38.475787 | D65: ='Results Workspace'!F102 -> 1.239661 | E65: =D65/C65 -> 0.03221925 | F65: =$C$29^($B$3-C65) -> 9.953896 | G65: =F65/'Housekeeper summary'!$E$4 -> 18.780936

Sheet NFKB1
A1: Standard dilution | B1: Av CT | C1: SD CT | D1: CV CT | E1: Dilution | F1: log dilution
A2: =B33 -> STD 10a | B2: =C33 -> 26.317688 | C2: =D33 -> 0.023153305 | D2: =C2/B2 -> 0.00087976212 | E2: 0.1 | F2: =LOG(E2,10) -> -1
A3: =B34 -> STD 20a | B3: =C34 -> 26.988927 | C3: =D34 -> 0.2364861 | D3: =C3/B3 -> 0.008762338 | E3: 0.05 | F3: =LOG(E3,10) -> -1.30103
A4: =B35 -> STD 40a | B4: =C35 -> 28.210165 | C4: =D35 -> 0.051523199 | D4: =C4/B4 -> 0.0018264055 | E4: 0.025 | F4: =LOG(E4,10) -> -1.60206
A5: =B36 -> STD 80a | B5: =C36 -> 29.209851 | C5: =D36 -> 0.14845088 | D5: =C5/B5 -> 0.0050822197 | E5: 0.0125 | F5: =LOG(E5,10) -> -1.90309
A6: =B37 -> STD 160a | B6: =C37 -> 30.489621 | C6: =D37 -> 0.068141268 | D6: =C6/B6 -> 0.0022349004 | E6: 0.00625 | F6: =LOG(E6,10) -> -2.20412
A7: =B38 -> STD 320a | B7: =C38 -> 31.748273 | C7: =D38 -> 0.13298788 | D7: =C7/B7 -> 0.0041888226 | E7: 0.003125 | F7: =LOG(E7,10) -> -2.50515
B28: Slope | C28: =SLOPE(B2:B7,F2:F7) -> -3.6688033
B29: Efficiency | C29: =10^(-1/C28) -> 1.8731322
B31: Sample | C31: Av Ct | D31: SD Ct | E31: CV Ct | F31: delta Ct (to STD 20) | G31: deltadelta Ct
B32: ='Results Workspace'!D123 -> Blank 1.a | C32: ='Results Workspace'!E123 -> 40.1 | D32: ='Results Workspace'!F123 -> 0 | E32: =D32/C32 -> 0 | F32: =$C$29^($B$3-C32) -> 0.00026689187
B33: ='Results Workspace'!D126 -> STD 10a | C33: ='Results Workspace'!E126 -> 26.317688 | D33: ='Results Workspace'!F126 -> 0.023153305 | E33: =D33/C33 -> 0.00087976212 | F33: =$C$29^($B$3-C33) -> 1.5239076
B34: ='Results Workspace'!D129 -> STD 20a | C34: ='Results Workspace'!E129 -> 26.988927 | D34: ='Results Workspace'!F129 -> 0.2364861 | E34: =D34/C34 -> 0.008762338 | F34: =$C$29^($B$3-C34) -> 1
B35: ='Results Workspace'!D132 -> STD 40a | C35: ='Results Workspace'!E132 -> 28.210165 | D35: ='Results Workspace'!F132 -> 0.051523199 | E35: =D35/C35 -> 0.0018264055 | F35: =$C$29^($B$3-C35) -> 0.46465339
B36: ='Results Workspace'!D135 -> STD 80a | C36: ='Results Workspace'!E135 -> 29.209851 | D36: ='Results Workspace'!F135 -> 0.14845088 | E36: =D36/C36 -> 0.0050822197 | F36: =$C$29^($B$3-C36) -> 0.24811115
B37: ='Results Workspace'!D138 -> STD 160a | C37: ='Results Workspace'!E138 -> 30.489621 | D37: ='Results Workspace'!F138 -> 0.068141268 | E37: =D37/C37 -> 0.0022349004 | F37: =$C$29^($B$3-C37) -> 0.11112742
B38: ='Results Workspace'!D141 -> STD 320a | C38: ='Results Workspace'!E141 -> 31.748273 | D38: ='Results Workspace'!F141 -> 0.13298788 | E38: =D38/C38 -> 0.0041888226 | F38: =$C$29^($B$3-C38) -> 0.050437376
B39: ='Results Workspace'!D144 -> 0.1.a | C39: ='Results Workspace'!E144 -> 28.053437 | D39: ='Results Workspace'!F144 -> 0.049050163 | E39: =D39/C39 -> 0.0017484547 | F39: =$C$29^($B$3-C39) -> 0.51268221 | G39: =F39/'Housekeeper summary'!$E$4 -> 0.96732493
B40: ='Results Workspace'!D147 -> 0.2.a | C40: ='Results Workspace'!E147 -> 28.280895 | D40: ='Results Workspace'!F147 -> 0.081555029 | E40: =D40/C40 -> 0.0028837499 | F40: =$C$29^($B$3-C40) -> 0.44447802 | G40: =F40/'Housekeeper summary'!$E$4 -> 0.83863778
B41: ='Results Workspace'!D150 -> 0.3.a | C41: ='Results Workspace'!E150 -> 28.262847 | D41: ='Results Workspace'!F150 -> 0.069934634 | E41: =D41/C41 -> 0.002474437 | F41: =$C$29^($B$3-C41) -> 0.44954148 | G41: =F41/'Housekeeper summary'!$E$4 -> 0.84819147
B42: ='Results Workspace'!D153 -> 2.1.a | C42: ='Results Workspace'!E153 -> 28.16004 | D42: ='Results Workspace'!F153 -> 0.13827218 | E42: =D42/C42 -> 0.0049102266 | F42: =$C$29^($B$3-C42) -> 0.47950334 | G42: =F42/'Housekeeper summary'!$E$4 -> 0.90472329
B43: ='Results Workspace'!D156 -> 2.2.a | C43: ='Results Workspace'!E156 -> 28.672782 | D43: ='Results Workspace'!F156 -> 0.13793183 | E43: =D43/C43 -> 0.0048105494 | F43: =$C$29^($B$3-C43) -> 0.34756371 | G43: =F43/'Housekeeper summary'!$E$4 -> 0.65578059
B44: ='Results Workspace'!D159 -> 2.3.a | C44: ='Results Workspace'!E159 -> 28.18965 | D44: ='Results Workspace'!F159 -> 0.1473084 | E44: =D44/C44 -> 0.00522562 | F44: =$C$29^($B$3-C44) -> 0.47067464 | G44: =F44/'Housekeeper summary'!$E$4 -> 0.88806537
B45: ='Results Workspace'!D162 -> 8.1.a | C45: ='Results Workspace'!E162 -> 28.302849 | D45: ='Results Workspace'!F162 -> 0.10131066 | E45: =D45/C45 -> 0.0035795215 | F45: =$C$29^($B$3-C45) -> 0.43839568 | G45: =F45/'Housekeeper summary'!$E$4 -> 0.82716166
B46: ='Results Workspace'!D165 -> 8.2.a | C46: ='Results Workspace'!E165 -> 28.474786 | D46: ='Results Workspace'!F165 -> 0.10530054 | E46: =D46/C46 -> 0.0036980275 | F46: =$C$29^($B$3-C46) -> 0.39355167 | G46: =F46/'Housekeeper summary'!$E$4 -> 0.74255031
B47: ='Results Workspace'!D168 -> 8.3.a | C47: ='Results Workspace'!E168 -> 28.183967 | D47: ='Results Workspace'!F168 -> 0.041416954 | E47: =D47/C47 -> 0.0014695218 | F47: =$C$29^($B$3-C47) -> 0.47235648 | G47: =F47/'Housekeeper summary'!$E$4 -> 0.89123865
B48: ='Results Workspace'!D171 -> 0.4.a | C48: ='Results Workspace'!E171 -> 27.705382 | D48: ='Results Workspace'!F171 -> 0.098174939 | E48: =D48/C48 -> 0.0035435331 | F48: =$C$29^($B$3-C48) -> 0.63784775 | G48: =F48/'Housekeeper summary'!$E$4 -> 1.2034863
B49: ='Results Workspace'!D174 -> 0.5.a | C49: ='Results Workspace'!E174 -> 28.043025 | D49: ='Results Workspace'!F174 -> 0.12303792 | E49: =D49/C49 -> 0.0043874697 | F49: =$C$29^($B$3-C49) -> 0.51604348 | G49: =F49/'Housekeeper summary'!$E$4 -> 0.97366693
B50: ='Results Workspace'!D177 -> 0.6.a | C50: ='Results Workspace'!E177 -> 28.537216 | D50: ='Results Workspace'!F177 -> 0.16775519 | E50: =D50/C50 -> 0.0058784708 | F50: =$C$29^($B$3-C50) -> 0.37842992 | G50: =F50/'Housekeeper summary'!$E$4 -> 0.71401871
B51: ='Results Workspace'!D180 -> 0.7.a | C51: ='Results Workspace'!E180 -> #DIV/0! | D51: ='Results Workspace'!F180 -> #DIV/0! | E51: =D51/C51 -> #DIV/0! | F51: =$C$29^($B$3-C51) -> #DIV/0! | G51: =F51/'Housekeeper summary'!$E$4 -> #DIV/0!
B52: ='Results Workspace'!D183 -> 0.8.a | C52: ='Results Workspace'!E183 -> 27.370659 | D52: ='Results Workspace'!F183 -> 0.02936554 | E52: =D52/C52 -> 0.0010728839 | F52: =$C$29^($B$3-C52) -> 0.7869588 | G52: =F52/'Housekeeper summary'!$E$4 -> 1.4848279
B53: ='Results Workspace'!D186 -> 0.9.a | C53: ='Results Workspace'!E186 -> 27.444311 | D53: ='Results Workspace'!F186 -> 0.075687408 | E53: =D53/C53 -> 0.0027578542 | F53: =$C$29^($B$3-C53) -> 0.75140955 | G53: =F53/'Housekeeper summary'!$E$4 -> 1.4177539
B54: ='Results Workspace'!D189 -> 2.4.a | C54: ='Results Workspace'!E189 -> 28.733622 | D54: ='Results Workspace'!F189 -> 0.087619518 | E54: =D54/C54 -> 0.0030493725 | F54: =$C$29^($B$3-C54) -> 0.33454242 | G54: =F54/'Housekeeper summary'!$E$4 -> 0.63121212
B55: ='Results Workspace'!D192 -> 2.5.a | C55: ='Results Workspace'!E192 -> 29.189847 | D55: ='Results Workspace'!F192 -> 0.20542503 | E55: =D55/C55 -> 0.0070375507 | F55: =$C$29^($B$3-C55) -> 0.2512457 | G55: =F55/'Housekeeper summary'!$E$4 -> 0.4740485
B56: ='Results Workspace'!D195 -> 2.6.a | C56: ='Results Workspace'!E195 -> 28.220193 | D56: ='Results Workspace'!F195 -> 0.12214797 | E56: =D56/C56 -> 0.0043283889 | F56: =$C$29^($B$3-C56) -> 0.46173813 | G56: =F56/'Housekeeper summary'!$E$4 -> 0.87120402
B57: ='Results Workspace'!D198 -> 2.7.a | C57: ='Results Workspace'!E198 -> 27.153296 | D57: ='Results Workspace'!F198 -> 0.02292483 | E57: =D57/C57 -> 0.00084427429 | F57: =$C$29^($B$3-C57) -> 0.90198271 | G57: =F57/'Housekeeper summary'!$E$4 -> 1.7018542
B58: ='Results Workspace'!D201 -> 2.8.a | C58: ='Results Workspace'!E201 -> #DIV/0! | D58: ='Results Workspace'!F201 -> #DIV/0! | E58: =D58/C58 -> #DIV/0! | F58: =$C$29^($B$3-C58) -> #DIV/0! | G58: =F58/'Housekeeper summary'!$E$4 -> #DIV/0!
B59: ='Results Workspace'!D204 -> 2.9.a | C59: ='Results Workspace'!E204 -> 28.163593 | D59: ='Results Workspace'!F204 -> 0.15801926 | E59: =D59/C59 -> 0.0056107634 | F59: =$C$29^($B$3-C59) -> 0.47843517 | G59: =F59/'Housekeeper summary'!$E$4 -> 0.90270787
B60: ='Results Workspace'!D207 -> 8.4.a | C60: ='Results Workspace'!E207 -> #DIV/0! | D60: ='Results Workspace'!F207 -> #DIV/0! | E60: =D60/C60 -> #DIV/0! | F60: =$C$29^($B$3-C60) -> #DIV/0! | G60: =F60/'Housekeeper summary'!$E$4 -> #DIV/0!
B61: ='Results Workspace'!D210 -> 8.5.a | C61: ='Results Workspace'!E210 -> 28.0746 | D61: ='Results Workspace'!F210 -> 0.070387797 | E61: =D61/C61 -> 0.0025071701 | F61: =$C$29^($B$3-C61) -> 0.50591762 | G61: =F61/'Housekeeper summary'!$E$4 -> 0.95456154
B62: ='Results Workspace'!D213 -> 8.6.a | C62: ='Results Workspace'!E213 -> 27.995892 | D62: ='Results Workspace'!F213 -> 0.11736722 | E62: =D62/C62 -> 0.0041923015 | F62: =$C$29^($B$3-C62) -> 0.53153675 | G62: =F62/'Housekeeper summary'!$E$4 -> 1.0028995
B63: ='Results Workspace'!D216 -> 8.7.a | C63: ='Results Workspace'!E216 -> 28.025451 | D63: ='Results Workspace'!F216 -> 0.13780843 | E63: =D63/C63 -> 0.0049172601 | F63: =$C$29^($B$3-C63) -> 0.52176665 | G63: =F63/'Housekeeper summary'!$E$4 -> 0.98446539
B64: ='Results Workspace'!D219 -> 8.8.a | C64: ='Results Workspace'!E219 -> 27.706927 | D64: ='Results Workspace'!F219 -> 0.12523446 | E64: ='Results Workspace'!G193 -> 0 | F64: =$C$29^($B$3-C64) -> 0.63722957 | G64: =F64/'Housekeeper summary'!$E$4 -> 1.2023199
B65: ='Results Workspace'!D222 -> 8.9.a | C65: ='Results Workspace'!E222 -> 28.124239 | D65: ='Results Workspace'!F222 -> 0.10919017 | E65: ='Results Workspace'!G194 -> 0 | F65: =$C$29^($B$3-C65) -> 0.4903993 | G65: =F65/'Housekeeper summary'!$E$4 -> 0.92528171
B67: ='Results Workspace'!D225

Sheet FOXO1
A1: Standard dilution | B1: Av CT | C1: SD CT | D1: CV CT | E1: Dilution | F1: log dilution
A2: =B33 -> STD 10a | B2: =C33 -> 28.361588 | C2: =D33 -> 0.077795228 | D2: =C2/B2 -> 0.0027429785 | E2: 0.1 | F2: =LOG(E2,10) -> -1
A3: =B34 -> STD 20a | B3: =C34 -> 29.062718 | C3: =D34 -> 0.12143575 | D3: =C3/B3 -> 0.0041784031 | E3: 0.05 | F3: =LOG(E3,10) -> -1.30103
A4: =B35 -> STD 40a | B4: =C35 -> 30.123767 | C4: =D35 -> 0.11821576 | D4: =C4/B4 -> 0.0039243353 | E4: 0.025 | F4: =LOG(E4,10) -> -1.60206
A5: =B36 -> STD 80a | B5: =C36 -> 31.634493 | C5: =D36 -> 0.097381592 | D5: =C5/B5 -> 0.0030783358 | E5: 0.0125 | F5: =LOG(E5,10) -> -1.90309
A6: =B37 -> STD 160a | B6: =C37 -> 32.566486 | C6: =D37 -> 0.040200759 | D6: =C6/B6 -> 0.0012344211 | E6: 0.00625 | F6: =LOG(E6,10) -> -2.20412
A7: =B38 -> STD 320a | B7: =C38 -> 33.611463 | C7: =D38 -> 0.13156686 | D7: =C7/B7 -> 0.0039143449 | E7: 0.003125 | F7: =LOG(E7,10) -> -2.50515
B28: Slope | C28: =SLOPE(B2:B7,F2:F7) -> -3.6324244
B29: Efficiency | C29: =10^(-1/C28) -> 1.884943
B31: Sample | C31: Av Ct | D31: SD Ct | E31: CV Ct | F31: delta Ct (to STD 20) | G31: deltadelta Ct
B32: ='Results Workspace'!D243 -> Blank 1.a | C32: ='Results Workspace'!E243 -> 40.1 | D32: ='Results Workspace'!F243 -> 0 | E32: =D32/C32 -> 0 | F32: =$C$29^($B$3-C32) -> 0.00091507317
B33: ='Results Workspace'!D246 -> STD 10a | C33: ='Results Workspace'!E246 -> 28.361588 | D33: ='Results Workspace'!F246 -> 0.077795228 | E33: =D33/C33 -> 0.0027429785 | F33: =$C$29^($B$3-C33) -> 1.5596237
B34: ='Results Workspace'!D249 -> STD 20a | C34: ='Results Workspace'!E249 -> 29.062718 | D34: ='Results Workspace'!F249 -> 0.12143575 | E34: =D34/C34 -> 0.0041784031 | F34: =$C$29^($B$3-C34) -> 1
B35: ='Results Workspace'!D252 -> STD 40a | C35: ='Results Workspace'!E252 -> 30.123767 | D35: ='Results Workspace'!F252 -> 0.11821576 | E35: =D35/C35 -> 0.0039243353 | F35: =$C$29^($B$3-C35) -> 0.51038165
B36: ='Results Workspace'!D255 -> STD 80a | C36: ='Results Workspace'!E255 -> 31.634493 | D36: ='Results Workspace'!F255 -> 0.097381592 | E36: =D36/C36 -> 0.0030783358 | F36: =$C$29^($B$3-C36) -> 0.19588219
B37: ='Results Workspace'!D258 -> STD 160a | C37: ='Results Workspace'!E258 -> 32.566486 | D37: ='Results Workspace'!F258 -> 0.040200759 | E37: =D37/C37 -> 0.0012344211 | F37: =$C$29^($B$3-C37) -> 0.10849727
B38: ='Results Workspace'!D261 -> STD 320a | C38: ='Results Workspace'!E261 -> 33.611463 | D38: ='Results Workspace'!F261 -> 0.13156686 | E38: =D38/C38 -> 0.0039143449 | F38: =$C$29^($B$3-C38) -> 0.055942078
B39: ='Results Workspace'!D264 -> 0.1.a | C39: ='Results Workspace'!E264 -> 30.189128 | D39: ='Results Workspace'!F264 -> 0.029176291 | E39: =D39/C39 -> 0.0009664503 | F39: =$C$29^($B$3-C39) -> 0.48966769 | G39: =F39/'Housekeeper summary'!$E$4 -> 0.9239013
B40: ='Results Workspace'!D267 -> 0.2.a | C40: ='Results Workspace'!E267 -> 30.717288 | D40: ='Results Workspace'!F267 -> 0.10726461 | E40: =D40/C40 -> 0.0034919947 | F40: =$C$29^($B$3-C40) -> 0.35034808 | G40: =F40/'Housekeeper summary'!$E$4 -> 0.6610341
B41: ='Results Workspace'!D270 -> 0.3.a | C41: ='Results Workspace'!E270 -> 30.4491 | D41: ='Results Workspace'!F270 -> 0.15330654 | E41: =D41/C41 -> 0.0050348465 | F41: =$C$29^($B$3-C41) -> 0.41527095 | G41: =F41/'Housekeeper summary'!$E$4 -> 0.78353009
B42: ='Results Workspace'!D273 -> 2.1.a | C42: ='Results Workspace'!E273 -> 30.522472 | D42: ='Results Workspace'!F273 -> 0.18523758 | E42: =D42/C42 -> 0.0060688916 | F42: =$C$29^($B$3-C42) -> 0.3963987 | G42: =F42/'Housekeeper summary'!$E$4 -> 0.74792208
B43: ='Results Workspace'!D276 -> 2.2.a | C43: ='Results Workspace'!E276 -> 30.335466 | D43: ='Results Workspace'!F276 -> 0.16570461 | E43: =D43/C43 -> 0.0054624053 | F43: =$C$29^($B$3-C43) -> 0.4462876 | G43: =F43/'Housekeeper summary'!$E$4 -> 0.84205207
B44: ='Results Workspace'!D279 -> 2.3.a | C44: ='Results Workspace'!E279 -> 30.085995 | D44: ='Results Workspace'!F279 -> 0.094778667 | E44: =D44/C44 -> 0.0031502586 | F44: =$C$29^($B$3-C44) -> 0.52274944 | G44: =F44/'Housekeeper summary'!$E$4 -> 0.9863197
B45: ='Results Workspace'!D282 -> 8.1.a | C45: ='Results Workspace'!E282 -> 30.510065 | D45: ='Results Workspace'!F282 -> 0.18862849 | E45: =D45/C45 -> 0.0061825003 | F45: =$C$29^($B$3-C45) -> 0.39952865 | G45: =F45/'Housekeeper summary'!$E$4 -> 0.75382765
B46: ='Results Workspace'!D285 -> 8.2.a | C46: ='Results Workspace'!E285 -> 30.717518 | D46: ='Results Workspace'!F285 -> 0.13027659 | E46: =D46/C46 -> 0.0042411172 | F46: =$C$29^($B$3-C46) -> 0.35029711 | G46: =F46/'Housekeeper summary'!$E$4 -> 0.66093794
B47: ='Results Workspace'!D288 -> 8.3.a | C47: ='Results Workspace'!E288 -> 30.601849 | D47: ='Results Workspace'!F288 -> 0.049075743 | E47: =D47/C47 -> 0.0016036856 | F47: =$C$29^($B$3-C47) -> 0.37694667 | G47: =F47/'Housekeeper summary'!$E$4 -> 0.71122014
B48: ='Results Workspace'!D291 -> 0.4.a | C48: ='Results Workspace'!E291 -> 29.439936 | D48: ='Results Workspace'!F291 -> 0.10459895 | E48: =D48/C48 -> 0.0035529612 | F48: =$C$29^($B$3-C48) -> 0.78732249 | G48: =F48/'Housekeeper summary'!$E$4 -> 1.4855141
B49: ='Results Workspace'!D294 -> 0.5.a | C49: ='Results Workspace'!E294 -> 29.838798 | D49: ='Results Workspace'!F294 -> 0.12456417 | E49: =D49/C49 -> 0.0041745707 | F49: =$C$29^($B$3-C49) -> 0.61142992 | G49: =F49/'Housekeeper summary'!$E$4 -> 1.1536414
B50: ='Results Workspace'!D297 -> 0.6.a | C50: ='Results Workspace'!E297 -> 29.796198 | D50: ='Results Workspace'!F297 -> 0.11348743 | E50: =D50/C50 -> 0.0038087891 | F50: =$C$29^($B$3-C50) -> 0.62816582 | G50: =F50/'Housekeeper summary'!$E$4 -> 1.1852185
B51: ='Results Workspace'!D300 -> 0.7.a | C51: ='Results Workspace'!E300 -> #DIV/0! | D51: ='Results Workspace'!F300 -> #DIV/0! | E51: =D51/C51 -> #DIV/0! | F51: =$C$29^($B$3-C51) -> #DIV/0! | G51: =F51/'Housekeeper summary'!$E$4 -> #DIV/0!
B52: ='Results Workspace'!D303 -> 0.8.a | C52: ='Results Workspace'!E303 -> 29.447967 | D52: ='Results Workspace'!F303 -> 0.163505 | E52: =D52/C52 -> 0.0055523358 | F52: =$C$29^($B$3-C52) -> 0.78332445 | G52: =F52/'Housekeeper summary'!$E$4 -> 1.4779707
B53: ='Results Workspace'!D306 -> 0.9.a | C53: ='Results Workspace'!E306 -> 29.523329 | D53: ='Results Workspace'!F306 -> 0.17824482 | E53: =D53/C53 -> 0.0060374227 | F53: =$C$29^($B$3-C53) -> 0.74678315 | G53: =F53/'Housekeeper summary'!$E$4 -> 1.4090248
B54: ='Results Workspace'!D309 -> 2.4.a | C54: ='Results Workspace'!E309 -> 30.085556 | D54: ='Results Workspace'!F309 -> 0.048312912 | E54: =D54/C54 -> 0.0016058507 | F54: =$C$29^($B$3-C54) -> 0.52289504 | G54: =F54/'Housekeeper summary'!$E$4 -> 0.98659441
B55: ='Results Workspace'!D312 -> 2.5.a | C55: ='Results Workspace'!E312 -> 30.756222 | D55: ='Results Workspace'!F312 -> 0.27130964 | E55: =D55/C55 -> 0.0088212928 | F55: =$C$29^($B$3-C55) -> 0.34180738 | G55: =F55/'Housekeeper summary'!$E$4 -> 0.64491958
B56: ='Results Workspace'!D315 -> 2.6.a | C56: ='Results Workspace'!E315 -> 29.818853 | D56: ='Results Workspace'!F315 -> 0.11652101 | E56: =D56/C56 -> 0.0039076288 | F56: =$C$29^($B$3-C56) -> 0.61920904 | G56: =F56/'Housekeeper summary'!$E$4 -> 1.1683189
B57: ='Results Workspace'!D318 -> 2.7.a | C57: ='Results Workspace'!E318 -> 29.398215 | D57: ='Results Workspace'!F318 -> 0.18828513 | E57: =D57/C57 -> 0.0064046449 | F57: =$C$29^($B$3-C57) -> 0.80842232 | G57: =F57/'Housekeeper summary'!$E$4 -> 1.5253251
B58: ='Results Workspace'!D321 -> 2.8.a | C58: ='Results Workspace'!E321 -> #DIV/0! | D58: ='Results Workspace'!F321 -> #DIV/0! | E58: =D58/C58 -> #DIV/0! | F58: =$C$29^($B$3-C58) -> #DIV/0! | G58: =F58/'Housekeeper summary'!$E$4 -> #DIV/0!
B59: ='Results Workspace'!D324 -> 2.9.a | C59: ='Results Workspace'!E324 -> 30.434568 | D59: ='Results Workspace'!F324 -> 0.047119984 | E59: =D59/C59 -> 0.0015482389 | F59: =$C$29^($B$3-C59) -> 0.41911387 | G59: =F59/'Housekeeper summary'!$E$4 -> 0.79078088
B60: ='Results Workspace'!D327 -> 8.4.a | C60: ='Results Workspace'!E327 -> #DIV/0! | D60: ='Results Workspace'!F327 -> #DIV/0! | E60: =D60/C60 -> #DIV/0! | F60: =$C$29^($B$3-C60) -> #DIV/0! | G60: =F60/'Housekeeper summary'!$E$4 -> #DIV/0!
B61: ='Results Workspace'!D330 -> 8.5.a | C61: ='Results Workspace'!E330 -> 29.784992 | D61: ='Results Workspace'!F330 -> 0.073821396 | E61: =D61/C61 -> 0.0024784763 | F61: =$C$29^($B$3-C61) -> 0.63264398 | G61: =F61/'Housekeeper summary'!$E$4 -> 1.1936679
B62: ='Results Workspace'!D333 -> 8.6.a | C62: ='Results Workspace'!E333 -> 29.465535 | D62: ='Results Workspace'!F333 -> 0.064863514 | E62: =D62/C62 -> 0.002201335 | F62: =$C$29^($B$3-C62) -> 0.77464952 | G62: =F62/'Housekeeper summary'!$E$4 -> 1.4616029
B63: ='Results Workspace'!D336 -> 8.7.a | C63: ='Results Workspace'!E336 -> 30.055209 | D63: ='Results Workspace'!F336 -> 0.15005725 | E63: =D63/C63 -> 0.0049927201 | F63: =$C$29^($B$3-C63) -> 0.53305114 | G63: =F63/'Housekeeper summary'!$E$4 -> 1.0057569
B64: ='Results Workspace'!D339 -> 8.8.a | C64: ='Results Workspace'!E339 -> 29.82402 | D64: ='Results Workspace'!F339 -> 0.079623745 | E64: ='Results Workspace'!G193 -> 0 | F64: =$C$29^($B$3-C64) -> 0.61718448 | G64: =F64/'Housekeeper summary'!$E$4 -> 1.164499
B65: ='Results Workspace'!D342 -> 8.9.a | C65: ='Results Workspace'!E342 -> 30.533792 | D65: ='Results Workspace'!F342 -> 0.10781985 | E65: ='Results Workspace'!G194 -> 0 | F65: =$C$29^($B$3-C65) -> 0.39356457 | G65: =F65/'Housekeeper summary'!$E$4 -> 0.74257465
B67: ='Results Workspace'!D225

Sheet Housekeeper summary
B3: B2M | C3: HMBS | D3: YWHA2 | E3: geometric mean
A4: 0.1.a | B4: 0.51 | C4: 0.56 | D4: 0.52 | E4: 0.53
A5: 0.2.a | B5: 0.46 | C5: 0.53 | D5: 0.42 | E5: 0.47
A6: 0.3.a | B6: 0.49 | C6: 0.59 | D6: 0.5 | E6: 0.52
A7: 2.1.a | B7: 0.52 | C7: 0.51 | D7: 0.5 | E7: 0.51
A8: 2.2.a | B8: 0.43 | C8: 0.62 | D8: 0.41 | E8: 0.48
A9: 2.3.a | B9: 0.5 | C9: 1.02 | D9: 0.58 | E9: 0.67
A10: 8.1.a | B10: 0.44 | C10: 0.59 | D10: 0.4 | E10: 0.47
A11: 8.2.a | B11: 0.41 | C11: 0.47 | D11: 0.41 | E11: 0.43
A12: 8.3.a | B12: 0.55 | C12: 0.73 | D12: 0.52 | E12: 0.6
A13: 0.4.a | B13: 0.63 | C13: 0.54 | D13: 0.55 | E13: 0.57
A14: 0.5.a | B14: 0.48 | C14: 0.45 | D14: 0.47 | E14: 0.46
A15: 0.6.a | B15: 0.45 | C15: 0.49 | D15: 0.42 | E15: 0.45
A16: 0.7.a
A17: 0.8.a | B17: 0.44 | C17: 0.79 | D17: 0.64 | E17: 0.6
A18: 0.9.a | B18: 0.57 | C18: 0.58 | D18: 0.65 | E18: 0.6
A19: 2.4.a | B19: 0.4 | C19: 0.44 | D19: 0.39 | E19: 0.41
A20: 2.5.a
A21: 2.6.a | B21: 0.44 | C21: 0.42 | D21: 0.38 | E21: 0.41
A22: 2.7.a | B22: 0.73 | C22: 0.55 | D22: 0.76 | E22: 0.67
A23: 2.8.a
A24: 2.9.a | B24: 0.55 | C24: 0.5 | D24: 0.44 | E24: 0.49
A25: 8.4.a
A26: 8.5.a | B26: 0.56 | C26: 0.49 | D26: 0.56 | E26: 0.54
A27: 8.6.a | B27: 0.6 | C27: 0.6 | D27: 0.62 | E27: 0.6
A28: 8.7.a | B28: 0.51 | C28: 0.72 | D28: 0.5 | E28: 0.56
A29: 8.8.a | B29: 0.51 | C29: 0.86 | D29: 0.57 | E29: 0.63
A30: 8.9.a | B30: 0.38 | C30: 0.49 | D30: 0.42 | E30: 0.43
